course_id,word
temporomandibulares,doctorado
temporomandibulares,entender
temporomandibulares,sesiones
temporomandibulares,estudiar
temporomandibulares,alternativas
temporomandibulares,tratamientos
temporomandibulares,generales
temporomandibulares,dolor
temporomandibulares,importancia
temporomandibulares,aprender
temporomandibulares,etiopatogenia
temporomandibulares,cumplan
temporomandibulares,actualmente
temporomandibulares,mismas
temporomandibulares,adecuado
temporomandibulares,casos
temporomandibulares,criterios
temporomandibulares,montaje
temporomandibulares,parte
temporomandibulares,placa
temporomandibulares,invasivo
temporomandibulares,cano
temporomandibulares,docente
temporomandibulares,desapercibido
temporomandibulares,simulados
temporomandibulares,muscular
temporomandibulares,tener
temporomandibulares,unas
temporomandibulares,historia
temporomandibulares,musculares
temporomandibulares,estos
temporomandibulares,distintos
temporomandibulares,cabe
temporomandibulares,marisol
temporomandibulares,encaminar
temporomandibulares,invasivos
temporomandibulares,especialista
temporomandibulares,tratamiento
temporomandibulares,ayudas
temporomandibulares,conduce
temporomandibulares,cara
temporomandibulares,aclarar
temporomandibulares,desordenes
temporomandibulares,asistencia
temporomandibulares,ciencias
temporomandibulares,orofacial
temporomandibulares,aparatos
temporomandibulares,frecuentes
temporomandibulares,caso
temporomandibulares,vital
temporomandibulares,modernos
temporomandibulares,mejor
temporomandibulares,correcto
temporomandibulares,sistema
temporomandibulares,bruxismo
temporomandibulares,complementarios
temporomandibulares,formal
temporomandibulares,otros
temporomandibulares,articulares
temporomandibulares,dejar
temporomandibulares,articular
temporomandibulares,placas
temporomandibulares,diagnosticar
temporomandibulares,componente
temporomandibulares,remitir
temporomandibulares,busquets
temporomandibulares,demostrativas
temporomandibulares,gran
temporomandibulares,gnatico
temporomandibulares,pacientes
temporomandibulares,cantidad
temporomandibulares,permitirles
temporomandibulares,oclusal
temporomandibulares,temporomandibulares
temporomandibulares,docentes
temporomandibulares,estas
temporomandibulares,fundamentos
temporomandibulares,adicional
temporomandibulares,pronostico
temporomandibulares,conocer
temporomandibulares,tipos
temporomandibulares,aquejan
temporomandibulares,podemos
temporomandibulares,pontifica
temporomandibulares,cuello
temporomandibulares,repasar
temporomandibulares,articulador
reposteria-j-colombia,sesiones
reposteria-j-colombia,ingredientes
reposteria-j-colombia,nociones
reposteria-j-colombia,juanita
reposteria-j-colombia,llevado
reposteria-j-colombia,viceministerio
reposteria-j-colombia,granos
reposteria-j-colombia,isla
reposteria-j-colombia,vegetales
reposteria-j-colombia,carbohidratos
reposteria-j-colombia,alternativas
reposteria-j-colombia,grasas
reposteria-j-colombia,debe
reposteria-j-colombia,basque
reposteria-j-colombia,gluten
reposteria-j-colombia,generales
reposteria-j-colombia,institut
reposteria-j-colombia,acerca
reposteria-j-colombia,participante
reposteria-j-colombia,moreno
reposteria-j-colombia,laborado
reposteria-j-colombia,condensada
reposteria-j-colombia,consultora
reposteria-j-colombia,dietas
reposteria-j-colombia,requieren
reposteria-j-colombia,harina
reposteria-j-colombia,waffles
reposteria-j-colombia,base
reposteria-j-colombia,escuela
reposteria-j-colombia,inicial
reposteria-j-colombia,departamento
reposteria-j-colombia,variar
reposteria-j-colombia,perfeccionamiento
reposteria-j-colombia,horno
reposteria-j-colombia,funciones
reposteria-j-colombia,europea
reposteria-j-colombia,gerente
reposteria-j-colombia,conferencista
reposteria-j-colombia,chocolate
reposteria-j-colombia,ofrecer
reposteria-j-colombia,cualquier
reposteria-j-colombia,momento
reposteria-j-colombia,tradicionales
reposteria-j-colombia,estudios
reposteria-j-colombia,cano
reposteria-j-colombia,dulce
reposteria-j-colombia,apta
reposteria-j-colombia,banano
reposteria-j-colombia,opciones
reposteria-j-colombia,bizcocho
reposteria-j-colombia,frutas
reposteria-j-colombia,elaborados
reposteria-j-colombia,tener
reposteria-j-colombia,explicar
reposteria-j-colombia,cumplido
reposteria-j-colombia,cinco
reposteria-j-colombia,partir
reposteria-j-colombia,tartas
reposteria-j-colombia,alumno
reposteria-j-colombia,lista
reposteria-j-colombia,online
reposteria-j-colombia,pandebonos
reposteria-j-colombia,procedimientos
reposteria-j-colombia,tradicional
reposteria-j-colombia,fermentaciones
reposteria-j-colombia,crema
reposteria-j-colombia,endulzantes
reposteria-j-colombia,marisol
reposteria-j-colombia,utensilios
reposteria-j-colombia,quebradas
reposteria-j-colombia,haya
reposteria-j-colombia,dividen
reposteria-j-colombia,cremas
reposteria-j-colombia,capacidad
reposteria-j-colombia,ingrediente
reposteria-j-colombia,tortas
reposteria-j-colombia,quien
reposteria-j-colombia,center
reposteria-j-colombia,aplicadas
reposteria-j-colombia,saludable
reposteria-j-colombia,culinary
reposteria-j-colombia,prefermentos
reposteria-j-colombia,naturales
reposteria-j-colombia,trespalacios
reposteria-j-colombia,leche
reposteria-j-colombia,cocinera
reposteria-j-colombia,pancakes
reposteria-j-colombia,restaurantes
reposteria-j-colombia,quesos
reposteria-j-colombia,introducir
reposteria-j-colombia,sustenta
reposteria-j-colombia,otras
reposteria-j-colombia,amplia
reposteria-j-colombia,leches
reposteria-j-colombia,bocuse
reposteria-j-colombia,haber
reposteria-j-colombia,hacer
reposteria-j-colombia,total
reposteria-j-colombia,frescos
reposteria-j-colombia,dentro
reposteria-j-colombia,cual
reposteria-j-colombia,aptos
reposteria-j-colombia,cocineras
reposteria-j-colombia,taller
reposteria-j-colombia,harinas
reposteria-j-colombia,innovar
reposteria-j-colombia,dictadas
reposteria-j-colombia,masa
reposteria-j-colombia,busca
reposteria-j-colombia,oriente
reposteria-j-colombia,veganos
reposteria-j-colombia,restaurante
reposteria-j-colombia,permitan
reposteria-j-colombia,cordon
reposteria-j-colombia,huevo
reposteria-j-colombia,mermeladas
reposteria-j-colombia,estudiantes
reposteria-j-colombia,colombianos
reposteria-j-colombia,madre
reposteria-j-colombia,peruana
reposteria-j-colombia,rellenos
reposteria-j-colombia,turismo
reposteria-j-colombia,clase
reposteria-j-colombia,espesantes
reposteria-j-colombia,clases
reposteria-j-colombia,masas
reposteria-j-colombia,mariano
reposteria-j-colombia,torta
reposteria-j-colombia,salto
reposteria-j-colombia,reemplazar
reposteria-j-colombia,recetas
reposteria-j-colombia,bleu
reposteria-j-colombia,componente
reposteria-j-colombia,graduada
reposteria-j-colombia,busquets
reposteria-j-colombia,posible
reposteria-j-colombia,jefe
reposteria-j-colombia,proyecto
reposteria-j-colombia,tanto
reposteria-j-colombia,astrid
reposteria-j-colombia,cocina
reposteria-j-colombia,quieran
reposteria-j-colombia,amasijos
reposteria-j-colombia,ganache
reposteria-j-colombia,colombiana
reposteria-j-colombia,estas
reposteria-j-colombia,fundamentos
reposteria-j-colombia,curd
reposteria-j-colombia,pastelera
reposteria-j-colombia,cuenta
reposteria-j-colombia,productos
reposteria-j-colombia,generar
reposteria-j-colombia,conocer
reposteria-j-colombia,incluyendo
reposteria-j-colombia,mantequilla
reposteria-j-colombia,endulzada
reposteria-j-colombia,paul
reposteria-j-colombia,desayunos
reposteria-j-colombia,programadas
reposteria-j-colombia,sustitutos
reposteria-j-colombia,sustituir
reposteria-j-colombia,mundo
reposteria-j-colombia,emprendimiento
reposteria-j-colombia,relacionada
cuidado-adulto-mayor-formacion,sesiones
cuidado-adulto-mayor-formacion,cuidadoras
cuidado-adulto-mayor-formacion,obtengan
cuidado-adulto-mayor-formacion,envejecimiento
cuidado-adulto-mayor-formacion,facultad
cuidado-adulto-mayor-formacion,primaria
cuidado-adulto-mayor-formacion,valle
cuidado-adulto-mayor-formacion,institucionales
cuidado-adulto-mayor-formacion,casa
cuidado-adulto-mayor-formacion,estrategia
cuidado-adulto-mayor-formacion,discapacidad
cuidado-adulto-mayor-formacion,adultos
cuidado-adulto-mayor-formacion,caldas
cuidado-adulto-mayor-formacion,generales
cuidado-adulto-mayor-formacion,acerca
cuidado-adulto-mayor-formacion,participante
cuidado-adulto-mayor-formacion,esperado
cuidado-adulto-mayor-formacion,porque
cuidado-adulto-mayor-formacion,requieren
cuidado-adulto-mayor-formacion,documentos
cuidado-adulto-mayor-formacion,departamento
cuidado-adulto-mayor-formacion,cecilia
cuidado-adulto-mayor-formacion,plantea
cuidado-adulto-mayor-formacion,recomendada
cuidado-adulto-mayor-formacion,colciencias
cuidado-adulto-mayor-formacion,aumento
cuidado-adulto-mayor-formacion,sabe
cuidado-adulto-mayor-formacion,cuidados
cuidado-adulto-mayor-formacion,orientaciones
cuidado-adulto-mayor-formacion,contextualizar
cuidado-adulto-mayor-formacion,finalizar
cuidado-adulto-mayor-formacion,resultado
cuidado-adulto-mayor-formacion,centros
cuidado-adulto-mayor-formacion,instituciones
cuidado-adulto-mayor-formacion,igual
cuidado-adulto-mayor-formacion,expertos
cuidado-adulto-mayor-formacion,aspectos
cuidado-adulto-mayor-formacion,cuidador
cuidado-adulto-mayor-formacion,consigo
cuidado-adulto-mayor-formacion,problemas
cuidado-adulto-mayor-formacion,cambios
cuidado-adulto-mayor-formacion,manera
cuidado-adulto-mayor-formacion,cano
cuidado-adulto-mayor-formacion,servicios
cuidado-adulto-mayor-formacion,familia
cuidado-adulto-mayor-formacion,dirigidas
cuidado-adulto-mayor-formacion,orientada
cuidado-adulto-mayor-formacion,muestra
cuidado-adulto-mayor-formacion,higiene
cuidado-adulto-mayor-formacion,terapia
cuidado-adulto-mayor-formacion,encuesta
cuidado-adulto-mayor-formacion,nacional
cuidado-adulto-mayor-formacion,hayan
cuidado-adulto-mayor-formacion,actividad
cuidado-adulto-mayor-formacion,mayores
cuidado-adulto-mayor-formacion,administrativo
cuidado-adulto-mayor-formacion,adulto
cuidado-adulto-mayor-formacion,asistido
cuidado-adulto-mayor-formacion,marisol
cuidado-adulto-mayor-formacion,propone
cuidado-adulto-mayor-formacion,excluye
cuidado-adulto-mayor-formacion,lina
cuidado-adulto-mayor-formacion,vejez
cuidado-adulto-mayor-formacion,carmen
cuidado-adulto-mayor-formacion,elisa
cuidado-adulto-mayor-formacion,tratamiento
cuidado-adulto-mayor-formacion,cuidado
cuidado-adulto-mayor-formacion,capacidad
cuidado-adulto-mayor-formacion,horario
cuidado-adulto-mayor-formacion,abordaje
cuidado-adulto-mayor-formacion,asistencia
cuidado-adulto-mayor-formacion,foros
cuidado-adulto-mayor-formacion,mayor
cuidado-adulto-mayor-formacion,existen
cuidado-adulto-mayor-formacion,dispositivos
cuidado-adulto-mayor-formacion,familiar
cuidado-adulto-mayor-formacion,frecuentes
cuidado-adulto-mayor-formacion,saldarriaga
cuidado-adulto-mayor-formacion,redes
cuidado-adulto-mayor-formacion,editorial
cuidado-adulto-mayor-formacion,montoya
cuidado-adulto-mayor-formacion,concha
cuidado-adulto-mayor-formacion,brindar
cuidado-adulto-mayor-formacion,orientan
cuidado-adulto-mayor-formacion,corporal
cuidado-adulto-mayor-formacion,cuidadores
cuidado-adulto-mayor-formacion,ministerio
cuidado-adulto-mayor-formacion,decenal
cuidado-adulto-mayor-formacion,equidad
cuidado-adulto-mayor-formacion,familiares
cuidado-adulto-mayor-formacion,sondas
cuidado-adulto-mayor-formacion,reitera
cuidado-adulto-mayor-formacion,participativas
cuidado-adulto-mayor-formacion,mismo
cuidado-adulto-mayor-formacion,correspondiente
cuidado-adulto-mayor-formacion,pertuz
cuidado-adulto-mayor-formacion,faciliten
cuidado-adulto-mayor-formacion,necesidad
cuidado-adulto-mayor-formacion,drenajes
cuidado-adulto-mayor-formacion,busquets
cuidado-adulto-mayor-formacion,cursos
cuidado-adulto-mayor-formacion,tampoco
cuidado-adulto-mayor-formacion,bienestar
cuidado-adulto-mayor-formacion,ciencia
cuidado-adulto-mayor-formacion,adherencia
cuidado-adulto-mayor-formacion,soraya
cuidado-adulto-mayor-formacion,meta
cuidado-adulto-mayor-formacion,temas
cuidado-adulto-mayor-formacion,interdisciplinario
cuidado-adulto-mayor-formacion,garantizan
cuidado-adulto-mayor-formacion,dedicadas
cuidado-adulto-mayor-formacion,fundamentos
cuidado-adulto-mayor-formacion,cualificar
cuidado-adulto-mayor-formacion,plataforma
cuidado-adulto-mayor-formacion,demanda
cuidado-adulto-mayor-formacion,reciben
cuidado-adulto-mayor-formacion,plan
cuidado-adulto-mayor-formacion,relacionados
cuidado-adulto-mayor-formacion,talento
cuidado-adulto-mayor-formacion,desarrollar
cuidado-adulto-mayor-formacion,comunitarias
cuidado-adulto-mayor-formacion,habitantes
cuidado-adulto-mayor-formacion,latina
cuidado-adulto-mayor-formacion,establece
cuidado-adulto-mayor-formacion,programadas
cuidado-adulto-mayor-formacion,respondiendo
francisco-un-lider-mundial,tiene
francisco-un-lider-mundial,mundial
francisco-un-lider-mundial,laudato
francisco-un-lider-mundial,gracias
francisco-un-lider-mundial,universal
francisco-un-lider-mundial,gregoriana
francisco-un-lider-mundial,todos
francisco-un-lider-mundial,actuales
francisco-un-lider-mundial,techo
francisco-un-lider-mundial,origen
francisco-un-lider-mundial,participante
francisco-un-lider-mundial,dolor
francisco-un-lider-mundial,doctor
francisco-un-lider-mundial,importancia
francisco-un-lider-mundial,grupo
francisco-un-lider-mundial,teniendo
francisco-un-lider-mundial,completo
francisco-un-lider-mundial,insignia
francisco-un-lider-mundial,horarios
francisco-un-lider-mundial,forma
francisco-un-lider-mundial,cautivar
francisco-un-lider-mundial,propia
francisco-un-lider-mundial,adipisicing
francisco-un-lider-mundial,francisco
francisco-un-lider-mundial,interesados
francisco-un-lider-mundial,seminaristas
francisco-un-lider-mundial,aspectos
francisco-un-lider-mundial,igual
francisco-un-lider-mundial,conferencista
francisco-un-lider-mundial,amet
francisco-un-lider-mundial,adicionalmente
francisco-un-lider-mundial,acciones
francisco-un-lider-mundial,costo
francisco-un-lider-mundial,proceder
francisco-un-lider-mundial,integral
francisco-un-lider-mundial,cano
francisco-un-lider-mundial,gestos
francisco-un-lider-mundial,sierra
francisco-un-lider-mundial,moocs
francisco-un-lider-mundial,latinoamericano
francisco-un-lider-mundial,papa
francisco-un-lider-mundial,dirigidos
francisco-un-lider-mundial,opciones
francisco-un-lider-mundial,liderazgo
francisco-un-lider-mundial,ruta
francisco-un-lider-mundial,logro
francisco-un-lider-mundial,elit
francisco-un-lider-mundial,terceros
francisco-un-lider-mundial,mooc
francisco-un-lider-mundial,puedan
francisco-un-lider-mundial,marisol
francisco-un-lider-mundial,pensamiento
francisco-un-lider-mundial,relevantes
francisco-un-lider-mundial,excluye
francisco-un-lider-mundial,evidenciar
francisco-un-lider-mundial,especialista
francisco-un-lider-mundial,ubica
francisco-un-lider-mundial,pastorales
francisco-un-lider-mundial,profundizar
francisco-un-lider-mundial,verificable
francisco-un-lider-mundial,fratelli
francisco-un-lider-mundial,tutti
francisco-un-lider-mundial,reconocer
francisco-un-lider-mundial,tiempo
francisco-un-lider-mundial,profesional
francisco-un-lider-mundial,analizar
francisco-un-lider-mundial,pastoral
francisco-un-lider-mundial,misericordia
francisco-un-lider-mundial,magister
francisco-un-lider-mundial,tierra
francisco-un-lider-mundial,solano
francisco-un-lider-mundial,religiosas
francisco-un-lider-mundial,concreta
francisco-un-lider-mundial,sacerdotes
francisco-un-lider-mundial,metadata
francisco-un-lider-mundial,nuestros
francisco-un-lider-mundial,ipsum
francisco-un-lider-mundial,profesor
francisco-un-lider-mundial,wilmar
francisco-un-lider-mundial,iglesia
francisco-un-lider-mundial,sistema
francisco-un-lider-mundial,lorem
francisco-un-lider-mundial,mata
francisco-un-lider-mundial,concordancia
francisco-un-lider-mundial,acercarse
francisco-un-lider-mundial,santo
francisco-un-lider-mundial,otros
francisco-un-lider-mundial,acorde
francisco-un-lider-mundial,programas
francisco-un-lider-mundial,certifique
francisco-un-lider-mundial,relevante
francisco-un-lider-mundial,hermandad
francisco-un-lider-mundial,aquellos
francisco-un-lider-mundial,busquets
francisco-un-lider-mundial,posible
francisco-un-lider-mundial,cursos
francisco-un-lider-mundial,letras
francisco-un-lider-mundial,latinoamericana
francisco-un-lider-mundial,exigibilidad
francisco-un-lider-mundial,escena
francisco-un-lider-mundial,santiago
francisco-un-lider-mundial,complemento
francisco-un-lider-mundial,licenciado
francisco-un-lider-mundial,doctrina
francisco-un-lider-mundial,totalmente
francisco-un-lider-mundial,derechos
francisco-un-lider-mundial,roma
francisco-un-lider-mundial,fundamentos
francisco-un-lider-mundial,particular
francisco-un-lider-mundial,cuenta
francisco-un-lider-mundial,discurso
francisco-un-lider-mundial,expuesto
francisco-un-lider-mundial,consectetur
francisco-un-lider-mundial,magisterial
francisco-un-lider-mundial,conocer
francisco-un-lider-mundial,correo
francisco-un-lider-mundial,dejado
francisco-un-lider-mundial,requiere
francisco-un-lider-mundial,decidida
francisco-un-lider-mundial,necesidades
francisco-un-lider-mundial,director
francisco-un-lider-mundial,alcanzado
francisco-un-lider-mundial,habilidad
francisco-un-lider-mundial,modo
francisco-un-lider-mundial,agentes
francisco-un-lider-mundial,magisterio
francisco-un-lider-mundial,fraternidad
francisco-un-lider-mundial,medio
francisco-un-lider-mundial,inscribe
francisco-un-lider-mundial,incluida
francisco-un-lider-mundial,gratis
francisco-un-lider-mundial,quiere
errores-innatos-metabolismo,sesiones
errores-innatos-metabolismo,errores
errores-innatos-metabolismo,doctorado
errores-innatos-metabolismo,innatos
errores-innatos-metabolismo,facultad
errores-innatos-metabolismo,tamizaje
errores-innatos-metabolismo,especialmente
errores-innatos-metabolismo,exdirector
errores-innatos-metabolismo,sospecha
errores-innatos-metabolismo,nueva
errores-innatos-metabolismo,asociado
errores-innatos-metabolismo,carbohidratos
errores-innatos-metabolismo,rosario
errores-innatos-metabolismo,andes
errores-innatos-metabolismo,pediatrica
errores-innatos-metabolismo,presenciales
errores-innatos-metabolismo,necesarias
errores-innatos-metabolismo,debe
errores-innatos-metabolismo,coordinador
errores-innatos-metabolismo,aplicado
errores-innatos-metabolismo,acerca
errores-innatos-metabolismo,alrededor
errores-innatos-metabolismo,ortopedia
errores-innatos-metabolismo,marzo
errores-innatos-metabolismo,esquema
errores-innatos-metabolismo,seguimiento
errores-innatos-metabolismo,doctor
errores-innatos-metabolismo,fundador
errores-innatos-metabolismo,importancia
errores-innatos-metabolismo,olga
errores-innatos-metabolismo,digitales
errores-innatos-metabolismo,especficos
errores-innatos-metabolismo,cecilia
errores-innatos-metabolismo,granada
errores-innatos-metabolismo,casos
errores-innatos-metabolismo,pediatra
errores-innatos-metabolismo,jarabe
errores-innatos-metabolismo,congreso
errores-innatos-metabolismo,mcad
errores-innatos-metabolismo,mora
errores-innatos-metabolismo,semana
errores-innatos-metabolismo,infancia
errores-innatos-metabolismo,ignacio
errores-innatos-metabolismo,aspectos
errores-innatos-metabolismo,conferencista
errores-innatos-metabolismo,donde
errores-innatos-metabolismo,eugenia
errores-innatos-metabolismo,adicionalmente
errores-innatos-metabolismo,libros
errores-innatos-metabolismo,cirujano
errores-innatos-metabolismo,enfermedad
errores-innatos-metabolismo,integral
errores-innatos-metabolismo,universitario
errores-innatos-metabolismo,estudiante
errores-innatos-metabolismo,diversas
errores-innatos-metabolismo,universitaria
errores-innatos-metabolismo,docente
errores-innatos-metabolismo,inquietudes
errores-innatos-metabolismo,acidemias
errores-innatos-metabolismo,hiperglicinemia
errores-innatos-metabolismo,resolver
errores-innatos-metabolismo,espinosa
errores-innatos-metabolismo,juicio
errores-innatos-metabolismo,familia
errores-innatos-metabolismo,roosevelt
errores-innatos-metabolismo,homocistinuria
errores-innatos-metabolismo,mediante
errores-innatos-metabolismo,aplicados
errores-innatos-metabolismo,cuestionamientos
errores-innatos-metabolismo,decisiones
errores-innatos-metabolismo,implicaciones
errores-innatos-metabolismo,aplicar
errores-innatos-metabolismo,martha
errores-innatos-metabolismo,hospital
errores-innatos-metabolismo,tipo
errores-innatos-metabolismo,material
errores-innatos-metabolismo,urgencias
errores-innatos-metabolismo,nacional
errores-innatos-metabolismo,online
errores-innatos-metabolismo,aplicarse
errores-innatos-metabolismo,realizar
errores-innatos-metabolismo,cuellar
errores-innatos-metabolismo,horaria
errores-innatos-metabolismo,optar
errores-innatos-metabolismo,morales
errores-innatos-metabolismo,respecto
errores-innatos-metabolismo,propone
errores-innatos-metabolismo,activa
errores-innatos-metabolismo,metabolismo
errores-innatos-metabolismo,neonatal
errores-innatos-metabolismo,guevara
errores-innatos-metabolismo,participaciones
errores-innatos-metabolismo,johana
errores-innatos-metabolismo,especialista
errores-innatos-metabolismo,ampliar
errores-innatos-metabolismo,lina
errores-innatos-metabolismo,tratamiento
errores-innatos-metabolismo,amonio
errores-innatos-metabolismo,revisiones
errores-innatos-metabolismo,nivel
errores-innatos-metabolismo,marjorie
errores-innatos-metabolismo,conduce
errores-innatos-metabolismo,compromiso
errores-innatos-metabolismo,yaneth
errores-innatos-metabolismo,desordenes
errores-innatos-metabolismo,cardioinfantil
errores-innatos-metabolismo,presidente
errores-innatos-metabolismo,asistencia
errores-innatos-metabolismo,ciencias
errores-innatos-metabolismo,generan
errores-innatos-metabolismo,hiperamonemias
errores-innatos-metabolismo,introducir
errores-innatos-metabolismo,apoyo
errores-innatos-metabolismo,autor
errores-innatos-metabolismo,lissete
errores-innatos-metabolismo,otras
errores-innatos-metabolismo,titular
errores-innatos-metabolismo,amplia
errores-innatos-metabolismo,sociedad
errores-innatos-metabolismo,cuales
errores-innatos-metabolismo,nutricional
errores-innatos-metabolismo,magistral
errores-innatos-metabolismo,ciclo
errores-innatos-metabolismo,cabo
errores-innatos-metabolismo,presentaciones
errores-innatos-metabolismo,cabarcas
errores-innatos-metabolismo,brindar
errores-innatos-metabolismo,caso
errores-innatos-metabolismo,coordinadora
errores-innatos-metabolismo,coautora
errores-innatos-metabolismo,taller
errores-innatos-metabolismo,grasos
errores-innatos-metabolismo,enfoque
errores-innatos-metabolismo,luis
errores-innatos-metabolismo,abril
errores-innatos-metabolismo,asistentes
errores-innatos-metabolismo,adecuada
errores-innatos-metabolismo,profesor
errores-innatos-metabolismo,mejor
errores-innatos-metabolismo,correcto
errores-innatos-metabolismo,martes
errores-innatos-metabolismo,urea
errores-innatos-metabolismo,permitan
errores-innatos-metabolismo,doctora
errores-innatos-metabolismo,master
errores-innatos-metabolismo,nutricionales
errores-innatos-metabolismo,previamente
errores-innatos-metabolismo,toma
errores-innatos-metabolismo,todo
errores-innatos-metabolismo,asistan
errores-innatos-metabolismo,infantil
errores-innatos-metabolismo,barrera
errores-innatos-metabolismo,concepto
errores-innatos-metabolismo,durante
errores-innatos-metabolismo,interactuar
errores-innatos-metabolismo,hallazgos
errores-innatos-metabolismo,clase
errores-innatos-metabolismo,preparar
errores-innatos-metabolismo,varios
errores-innatos-metabolismo,posibilidad
errores-innatos-metabolismo,generalidades
errores-innatos-metabolismo,trastornos
errores-innatos-metabolismo,investigaciones
errores-innatos-metabolismo,centro
errores-innatos-metabolismo,asistente
errores-innatos-metabolismo,autora
errores-innatos-metabolismo,intensidad
errores-innatos-metabolismo,coautor
errores-innatos-metabolismo,trabajado
errores-innatos-metabolismo,grupos
errores-innatos-metabolismo,inquietud
errores-innatos-metabolismo,expresidente
errores-innatos-metabolismo,necesidad
errores-innatos-metabolismo,alternativa
errores-innatos-metabolismo,acertados
errores-innatos-metabolismo,instituto
errores-innatos-metabolismo,docencia
errores-innatos-metabolismo,castro
errores-innatos-metabolismo,latinoamericana
errores-innatos-metabolismo,promuevan
errores-innatos-metabolismo,paciente
errores-innatos-metabolismo,encuentros
errores-innatos-metabolismo,humana
errores-innatos-metabolismo,congresos
errores-innatos-metabolismo,llegando
errores-innatos-metabolismo,pacientes
errores-innatos-metabolismo,existe
errores-innatos-metabolismo,mayo
errores-innatos-metabolismo,lectura
errores-innatos-metabolismo,relacionado
errores-innatos-metabolismo,propuesto
errores-innatos-metabolismo,licenciado
errores-innatos-metabolismo,temas
errores-innatos-metabolismo,elementos
errores-innatos-metabolismo,mitocondriales
errores-innatos-metabolismo,jueves
errores-innatos-metabolismo,galactosemia
errores-innatos-metabolismo,posgrado
errores-innatos-metabolismo,yeny
errores-innatos-metabolismo,olor
errores-innatos-metabolismo,bosque
errores-innatos-metabolismo,laboratorio
errores-innatos-metabolismo,colombiana
errores-innatos-metabolismo,docentes
errores-innatos-metabolismo,vigente
errores-innatos-metabolismo,enfermedades
errores-innatos-metabolismo,publicaciones
errores-innatos-metabolismo,alejandro
errores-innatos-metabolismo,generar
errores-innatos-metabolismo,diagnostica
errores-innatos-metabolismo,incluyendo
errores-innatos-metabolismo,talleres
errores-innatos-metabolismo,tirosinemia
errores-innatos-metabolismo,relacionados
errores-innatos-metabolismo,comunes
errores-innatos-metabolismo,instructor
errores-innatos-metabolismo,fructosuria
errores-innatos-metabolismo,central
errores-innatos-metabolismo,nutricionista
errores-innatos-metabolismo,surge
errores-innatos-metabolismo,diplomada
errores-innatos-metabolismo,dietista
errores-innatos-metabolismo,periodo
errores-innatos-metabolismo,programadas
errores-innatos-metabolismo,darle
errores-innatos-metabolismo,militar
errores-innatos-metabolismo,orina
errores-innatos-metabolismo,echeverri
errores-innatos-metabolismo,modalidad
errores-innatos-metabolismo,manifestaciones
errores-innatos-metabolismo,varias
errores-innatos-metabolismo,contaremos
errores-innatos-metabolismo,mejorar
errores-innatos-metabolismo,escuchar
atencion-paciente-intoxicado,dosis
atencion-paciente-intoxicado,errores
atencion-paciente-intoxicado,poder
atencion-paciente-intoxicado,sesiones
atencion-paciente-intoxicado,inhibidores
atencion-paciente-intoxicado,nociones
atencion-paciente-intoxicado,reducir
atencion-paciente-intoxicado,identificando
atencion-paciente-intoxicado,indispensables
atencion-paciente-intoxicado,sospecha
atencion-paciente-intoxicado,alta
atencion-paciente-intoxicado,relevancia
atencion-paciente-intoxicado,aproximados
atencion-paciente-intoxicado,emergencias
atencion-paciente-intoxicado,fidelidad
atencion-paciente-intoxicado,necesarias
atencion-paciente-intoxicado,situaciones
atencion-paciente-intoxicado,generales
atencion-paciente-intoxicado,terapias
atencion-paciente-intoxicado,seguimiento
atencion-paciente-intoxicado,reforzar
atencion-paciente-intoxicado,prevenir
atencion-paciente-intoxicado,importancia
atencion-paciente-intoxicado,presentan
atencion-paciente-intoxicado,controlado
atencion-paciente-intoxicado,escorpiones
atencion-paciente-intoxicado,aprovechamiento
atencion-paciente-intoxicado,delictivo
atencion-paciente-intoxicado,secuencia
atencion-paciente-intoxicado,recomendadas
atencion-paciente-intoxicado,debriefing
atencion-paciente-intoxicado,algunos
atencion-paciente-intoxicado,magistrales
atencion-paciente-intoxicado,forma
atencion-paciente-intoxicado,inicial
atencion-paciente-intoxicado,lograr
atencion-paciente-intoxicado,medidas
atencion-paciente-intoxicado,competencias
atencion-paciente-intoxicado,adecuado
atencion-paciente-intoxicado,previas
atencion-paciente-intoxicado,autodirigida
atencion-paciente-intoxicado,asocian
atencion-paciente-intoxicado,nuestro
atencion-paciente-intoxicado,diferenciar
atencion-paciente-intoxicado,casos
atencion-paciente-intoxicado,recreacional
atencion-paciente-intoxicado,hogar
atencion-paciente-intoxicado,ante
atencion-paciente-intoxicado,obligatorio
atencion-paciente-intoxicado,pueden
atencion-paciente-intoxicado,humanos
atencion-paciente-intoxicado,gases
atencion-paciente-intoxicado,intoxicados
atencion-paciente-intoxicado,finalizar
atencion-paciente-intoxicado,triciclicos
atencion-paciente-intoxicado,aspectos
atencion-paciente-intoxicado,toxicidad
atencion-paciente-intoxicado,ejercer
atencion-paciente-intoxicado,venenoso
atencion-paciente-intoxicado,parte
atencion-paciente-intoxicado,comportamientos
atencion-paciente-intoxicado,conferencista
atencion-paciente-intoxicado,ambiente
atencion-paciente-intoxicado,cualquier
atencion-paciente-intoxicado,frecuente
atencion-paciente-intoxicado,cambios
atencion-paciente-intoxicado,alcoholes
atencion-paciente-intoxicado,acetaminofen
atencion-paciente-intoxicado,identificar
atencion-paciente-intoxicado,integral
atencion-paciente-intoxicado,estudiante
atencion-paciente-intoxicado,trabajadores
atencion-paciente-intoxicado,accidentes
atencion-paciente-intoxicado,paraquat
atencion-paciente-intoxicado,cano
atencion-paciente-intoxicado,indicaciones
atencion-paciente-intoxicado,simulados
atencion-paciente-intoxicado,permitiendo
atencion-paciente-intoxicado,opciones
atencion-paciente-intoxicado,nombre
atencion-paciente-intoxicado,animales
atencion-paciente-intoxicado,opioides
atencion-paciente-intoxicado,mediante
atencion-paciente-intoxicado,configuran
atencion-paciente-intoxicado,calcioantagonistas
atencion-paciente-intoxicado,afectan
atencion-paciente-intoxicado,aplicaciones
atencion-paciente-intoxicado,carbono
atencion-paciente-intoxicado,mecanismos
atencion-paciente-intoxicado,adversas
atencion-paciente-intoxicado,doctorado
atencion-paciente-intoxicado,tipo
atencion-paciente-intoxicado,prestando
atencion-paciente-intoxicado,material
atencion-paciente-intoxicado,cianuro
atencion-paciente-intoxicado,actividad
atencion-paciente-intoxicado,complicaciones
atencion-paciente-intoxicado,metanol
atencion-paciente-intoxicado,hayan
atencion-paciente-intoxicado,controlados
atencion-paciente-intoxicado,procedimientos
atencion-paciente-intoxicado,abordados
atencion-paciente-intoxicado,responder
atencion-paciente-intoxicado,ambientes
atencion-paciente-intoxicado,previos
atencion-paciente-intoxicado,estos
atencion-paciente-intoxicado,fases
atencion-paciente-intoxicado,distintos
atencion-paciente-intoxicado,destrezas
atencion-paciente-intoxicado,deben
atencion-paciente-intoxicado,posibles
atencion-paciente-intoxicado,asociados
atencion-paciente-intoxicado,medicamentos
atencion-paciente-intoxicado,celulares
atencion-paciente-intoxicado,marisol
atencion-paciente-intoxicado,asistido
atencion-paciente-intoxicado,aguda
atencion-paciente-intoxicado,largo
atencion-paciente-intoxicado,agudas
atencion-paciente-intoxicado,mitad
atencion-paciente-intoxicado,resto
atencion-paciente-intoxicado,relevantes
atencion-paciente-intoxicado,habilidades
atencion-paciente-intoxicado,simulado
atencion-paciente-intoxicado,especialista
atencion-paciente-intoxicado,cardiotoxicidad
atencion-paciente-intoxicado,tratamiento
atencion-paciente-intoxicado,auxiliares
atencion-paciente-intoxicado,temporales
atencion-paciente-intoxicado,conduce
atencion-paciente-intoxicado,capacidad
atencion-paciente-intoxicado,ritmo
atencion-paciente-intoxicado,enviado
atencion-paciente-intoxicado,accidente
atencion-paciente-intoxicado,abordaje
atencion-paciente-intoxicado,asistencia
atencion-paciente-intoxicado,micrurico
atencion-paciente-intoxicado,reconocer
atencion-paciente-intoxicado,especialistas
atencion-paciente-intoxicado,acuerdo
atencion-paciente-intoxicado,arteriales
atencion-paciente-intoxicado,otras
atencion-paciente-intoxicado,plaguicidas
atencion-paciente-intoxicado,realidad
atencion-paciente-intoxicado,mayor
atencion-paciente-intoxicado,existen
atencion-paciente-intoxicado,canales
atencion-paciente-intoxicado,cabo
atencion-paciente-intoxicado,frecuentes
atencion-paciente-intoxicado,bloqueo
atencion-paciente-intoxicado,papel
atencion-paciente-intoxicado,brindar
atencion-paciente-intoxicado,total
atencion-paciente-intoxicado,dentro
atencion-paciente-intoxicado,abstinencia
atencion-paciente-intoxicado,coadyuvantes
atencion-paciente-intoxicado,intoxicaciones
atencion-paciente-intoxicado,contenido
atencion-paciente-intoxicado,suicida
atencion-paciente-intoxicado,utilidad
atencion-paciente-intoxicado,reforzando
atencion-paciente-intoxicado,lecturas
atencion-paciente-intoxicado,vital
atencion-paciente-intoxicado,asfixiantes
atencion-paciente-intoxicado,orientan
atencion-paciente-intoxicado,enfoque
atencion-paciente-intoxicado,corales
atencion-paciente-intoxicado,busca
atencion-paciente-intoxicado,intencionalidad
atencion-paciente-intoxicado,adecuada
atencion-paciente-intoxicado,bothropico
atencion-paciente-intoxicado,diana
atencion-paciente-intoxicado,principales
atencion-paciente-intoxicado,oxigenoterapia
atencion-paciente-intoxicado,correcto
atencion-paciente-intoxicado,rendimiento
atencion-paciente-intoxicado,etilenglicol
atencion-paciente-intoxicado,cerca
atencion-paciente-intoxicado,herramienta
atencion-paciente-intoxicado,plazo
atencion-paciente-intoxicado,verdaderas
atencion-paciente-intoxicado,eficaz
atencion-paciente-intoxicado,describir
atencion-paciente-intoxicado,intoxicado
atencion-paciente-intoxicado,durante
atencion-paciente-intoxicado,haciendo
atencion-paciente-intoxicado,electrocardiograma
atencion-paciente-intoxicado,entrenados
atencion-paciente-intoxicado,psicoactivas
atencion-paciente-intoxicado,preparar
atencion-paciente-intoxicado,pilares
atencion-paciente-intoxicado,obtener
atencion-paciente-intoxicado,generalidades
atencion-paciente-intoxicado,poniendo
atencion-paciente-intoxicado,venenosos
atencion-paciente-intoxicado,hacen
atencion-paciente-intoxicado,accidental
atencion-paciente-intoxicado,trastornos
atencion-paciente-intoxicado,correspondiente
atencion-paciente-intoxicado,posterior
atencion-paciente-intoxicado,oportuno
atencion-paciente-intoxicado,servicio
atencion-paciente-intoxicado,especies
atencion-paciente-intoxicado,grupos
atencion-paciente-intoxicado,colinesterasa
atencion-paciente-intoxicado,entrenamiento
atencion-paciente-intoxicado,evidencia
atencion-paciente-intoxicado,busquets
atencion-paciente-intoxicado,competencia
atencion-paciente-intoxicado,signos
atencion-paciente-intoxicado,gran
atencion-paciente-intoxicado,paciente
atencion-paciente-intoxicado,disponibles
atencion-paciente-intoxicado,secundarias
atencion-paciente-intoxicado,sugieren
atencion-paciente-intoxicado,serpientes
atencion-paciente-intoxicado,pacientes
atencion-paciente-intoxicado,lectura
atencion-paciente-intoxicado,alcohol
atencion-paciente-intoxicado,pesticidas
atencion-paciente-intoxicado,temas
atencion-paciente-intoxicado,ocupacional
atencion-paciente-intoxicado,elementos
atencion-paciente-intoxicado,falsas
atencion-paciente-intoxicado,totalmente
atencion-paciente-intoxicado,calcioantgonistas
atencion-paciente-intoxicado,sustancias
atencion-paciente-intoxicado,seguidas
atencion-paciente-intoxicado,permiten
atencion-paciente-intoxicado,menor
atencion-paciente-intoxicado,soporte
atencion-paciente-intoxicado,basado
atencion-paciente-intoxicado,enfermeras
atencion-paciente-intoxicado,antidotal
atencion-paciente-intoxicado,etarios
atencion-paciente-intoxicado,betabloqueadores
atencion-paciente-intoxicado,productos
atencion-paciente-intoxicado,antidotales
atencion-paciente-intoxicado,efectos
atencion-paciente-intoxicado,correo
atencion-paciente-intoxicado,incluyendo
atencion-paciente-intoxicado,reconociendo
atencion-paciente-intoxicado,alternan
atencion-paciente-intoxicado,relacionados
atencion-paciente-intoxicado,avanzado
atencion-paciente-intoxicado,asociadas
atencion-paciente-intoxicado,secundaria
atencion-paciente-intoxicado,antidepresivos
atencion-paciente-intoxicado,pasos
atencion-paciente-intoxicado,entorno
atencion-paciente-intoxicado,desarrollar
atencion-paciente-intoxicado,importancias
atencion-paciente-intoxicado,estar
atencion-paciente-intoxicado,brinda
atencion-paciente-intoxicado,adquirir
atencion-paciente-intoxicado,cotralico
atencion-paciente-intoxicado,programadas
atencion-paciente-intoxicado,adversos
atencion-paciente-intoxicado,seguro
atencion-paciente-intoxicado,contraindicaciones
atencion-paciente-intoxicado,severidad
atencion-paciente-intoxicado,medio
atencion-paciente-intoxicado,reacciones
atencion-paciente-intoxicado,manifestaciones
atencion-paciente-intoxicado,iniciales
atencion-paciente-intoxicado,abuso
las-mujeres-de-a-pie,facultad
las-mujeres-de-a-pie,marcos
las-mujeres-de-a-pie,bimodal
las-mujeres-de-a-pie,comprender
las-mujeres-de-a-pie,utilizar
las-mujeres-de-a-pie,andes
las-mujeres-de-a-pie,disidencias
las-mujeres-de-a-pie,aires
las-mujeres-de-a-pie,divergente
las-mujeres-de-a-pie,movimientos
las-mujeres-de-a-pie,expandidas
las-mujeres-de-a-pie,jaramillo
las-mujeres-de-a-pie,esperados
las-mujeres-de-a-pie,ideal
las-mujeres-de-a-pie,hogar
las-mujeres-de-a-pie,guerras
las-mujeres-de-a-pie,miradas
las-mujeres-de-a-pie,parte
las-mujeres-de-a-pie,cano
las-mujeres-de-a-pie,estudiante
las-mujeres-de-a-pie,patriarcal
las-mujeres-de-a-pie,emocionales
las-mujeres-de-a-pie,diversos
las-mujeres-de-a-pie,bruja
las-mujeres-de-a-pie,subsistir
las-mujeres-de-a-pie,estimular
las-mujeres-de-a-pie,ciudad
las-mujeres-de-a-pie,caza
las-mujeres-de-a-pie,mirar
las-mujeres-de-a-pie,cumplido
las-mujeres-de-a-pie,higiene
las-mujeres-de-a-pie,partir
las-mujeres-de-a-pie,aparecen
las-mujeres-de-a-pie,organizaciones
las-mujeres-de-a-pie,valiosa
las-mujeres-de-a-pie,recurso
las-mujeres-de-a-pie,suele
las-mujeres-de-a-pie,presente
las-mujeres-de-a-pie,conlleva
las-mujeres-de-a-pie,ilustradas
las-mujeres-de-a-pie,recibir
las-mujeres-de-a-pie,brujas
las-mujeres-de-a-pie,creando
las-mujeres-de-a-pie,conquistar
las-mujeres-de-a-pie,nosotras
las-mujeres-de-a-pie,narrativas
las-mujeres-de-a-pie,cognoscitivas
las-mujeres-de-a-pie,historias
las-mujeres-de-a-pie,fisura
las-mujeres-de-a-pie,hombres
las-mujeres-de-a-pie,atraviesa
las-mujeres-de-a-pie,otras
las-mujeres-de-a-pie,haber
las-mujeres-de-a-pie,hacia
las-mujeres-de-a-pie,posibilitando
las-mujeres-de-a-pie,relatos
las-mujeres-de-a-pie,bella
las-mujeres-de-a-pie,ministerio
las-mujeres-de-a-pie,cuidadora
las-mujeres-de-a-pie,recuperando
las-mujeres-de-a-pie,esto
las-mujeres-de-a-pie,externado
las-mujeres-de-a-pie,contextualizada
las-mujeres-de-a-pie,reescribir
las-mujeres-de-a-pie,mujer
las-mujeres-de-a-pie,cuervo
las-mujeres-de-a-pie,buenos
las-mujeres-de-a-pie,manada
las-mujeres-de-a-pie,otros
las-mujeres-de-a-pie,obreras
las-mujeres-de-a-pie,cuyo
las-mujeres-de-a-pie,cultura
las-mujeres-de-a-pie,comunitaria
las-mujeres-de-a-pie,busquets
las-mujeres-de-a-pie,mandatos
las-mujeres-de-a-pie,nuestras
las-mujeres-de-a-pie,proyecto
las-mujeres-de-a-pie,creemos
las-mujeres-de-a-pie,leer
las-mujeres-de-a-pie,fundamentos
las-mujeres-de-a-pie,archivos
las-mujeres-de-a-pie,alimentan
las-mujeres-de-a-pie,incansable
las-mujeres-de-a-pie,feminidades
las-mujeres-de-a-pie,conocer
las-mujeres-de-a-pie,luchas
las-mujeres-de-a-pie,rescatar
las-mujeres-de-a-pie,reconociendo
las-mujeres-de-a-pie,talleres
las-mujeres-de-a-pie,ancestrales
las-mujeres-de-a-pie,comunes
las-mujeres-de-a-pie,caracterizado
las-mujeres-de-a-pie,comenzar
las-mujeres-de-a-pie,autoestima
las-mujeres-de-a-pie,trabajadoras
las-mujeres-de-a-pie,feminista
las-mujeres-de-a-pie,relevancia
las-mujeres-de-a-pie,necesario
las-mujeres-de-a-pie,algunas
las-mujeres-de-a-pie,humanas
las-mujeres-de-a-pie,sombra
las-mujeres-de-a-pie,colectivas
las-mujeres-de-a-pie,guayaquil
las-mujeres-de-a-pie,empezado
las-mujeres-de-a-pie,perfil
las-mujeres-de-a-pie,reescribiendo
las-mujeres-de-a-pie,salido
las-mujeres-de-a-pie,samper
las-mujeres-de-a-pie,invisibilidad
las-mujeres-de-a-pie,unisanpablo
las-mujeres-de-a-pie,algunos
las-mujeres-de-a-pie,enterrado
las-mujeres-de-a-pie,adelante
las-mujeres-de-a-pie,raras
las-mujeres-de-a-pie,finalizar
las-mujeres-de-a-pie,maestra
las-mujeres-de-a-pie,zona
las-mujeres-de-a-pie,arte
las-mujeres-de-a-pie,educativos
las-mujeres-de-a-pie,realizan
las-mujeres-de-a-pie,universitaria
las-mujeres-de-a-pie,derecho
las-mujeres-de-a-pie,preguntar
las-mujeres-de-a-pie,minuto
las-mujeres-de-a-pie,honrando
las-mujeres-de-a-pie,popular
las-mujeres-de-a-pie,nacional
las-mujeres-de-a-pie,recrea
las-mujeres-de-a-pie,emocionalidades
las-mujeres-de-a-pie,plurales
las-mujeres-de-a-pie,mentalidades
las-mujeres-de-a-pie,ilustres
las-mujeres-de-a-pie,pensamiento
las-mujeres-de-a-pie,capacidad
las-mujeres-de-a-pie,quien
las-mujeres-de-a-pie,resultados
las-mujeres-de-a-pie,conceptual
las-mujeres-de-a-pie,reconocer
las-mujeres-de-a-pie,ciencias
las-mujeres-de-a-pie,personajes
las-mujeres-de-a-pie,misma
las-mujeres-de-a-pie,tierra
las-mujeres-de-a-pie,acosta
las-mujeres-de-a-pie,fomentar
las-mujeres-de-a-pie,cual
las-mujeres-de-a-pie,taller
las-mujeres-de-a-pie,borde
las-mujeres-de-a-pie,alguna
las-mujeres-de-a-pie,marginal
las-mujeres-de-a-pie,sostienen
las-mujeres-de-a-pie,principales
las-mujeres-de-a-pie,divergentes
las-mujeres-de-a-pie,dios
las-mujeres-de-a-pie,rebelde
las-mujeres-de-a-pie,lugar
las-mujeres-de-a-pie,estudiantes
las-mujeres-de-a-pie,madre
las-mujeres-de-a-pie,socio
las-mujeres-de-a-pie,familiares
las-mujeres-de-a-pie,posibilidad
las-mujeres-de-a-pie,colectivamente
las-mujeres-de-a-pie,buena
las-mujeres-de-a-pie,rupturas
las-mujeres-de-a-pie,reconocernos
las-mujeres-de-a-pie,paola
las-mujeres-de-a-pie,emocional
las-mujeres-de-a-pie,subjetivas
las-mujeres-de-a-pie,sobrevivencia
las-mujeres-de-a-pie,ejercicios
las-mujeres-de-a-pie,principal
las-mujeres-de-a-pie,obstante
las-mujeres-de-a-pie,temas
las-mujeres-de-a-pie,encarnado
las-mujeres-de-a-pie,entrelazando
las-mujeres-de-a-pie,derechos
las-mujeres-de-a-pie,cuenta
las-mujeres-de-a-pie,antecedentes
las-mujeres-de-a-pie,central
las-mujeres-de-a-pie,incentivar
las-mujeres-de-a-pie,escrita
las-mujeres-de-a-pie,varias
las-mujeres-de-a-pie,roto
las-mujeres-de-a-pie,afortunadamente
las-mujeres-de-a-pie,participativa
las-mujeres-de-a-pie,dignidad
las-mujeres-de-a-pie,ancestralidades
las-mujeres-de-a-pie,ancestras
las-mujeres-de-a-pie,momentos
las-mujeres-de-a-pie,conservadora
las-mujeres-de-a-pie,solidaria
las-mujeres-de-a-pie,develar
las-mujeres-de-a-pie,instauraron
las-mujeres-de-a-pie,realidades
las-mujeres-de-a-pie,esperado
las-mujeres-de-a-pie,importancia
las-mujeres-de-a-pie,desprivatizar
las-mujeres-de-a-pie,supervivencia
las-mujeres-de-a-pie,veces
las-mujeres-de-a-pie,aprender
las-mujeres-de-a-pie,ausencias
las-mujeres-de-a-pie,realizado
las-mujeres-de-a-pie,terciarios
las-mujeres-de-a-pie,actitudinales
las-mujeres-de-a-pie,psicogenealogia
las-mujeres-de-a-pie,silencio
las-mujeres-de-a-pie,populares
las-mujeres-de-a-pie,reescritura
las-mujeres-de-a-pie,terreno
las-mujeres-de-a-pie,soledad
las-mujeres-de-a-pie,moderna
las-mujeres-de-a-pie,vivir
las-mujeres-de-a-pie,sido
las-mujeres-de-a-pie,identificar
las-mujeres-de-a-pie,manera
las-mujeres-de-a-pie,diversas
las-mujeres-de-a-pie,calle
las-mujeres-de-a-pie,vidas
las-mujeres-de-a-pie,lugares
las-mujeres-de-a-pie,condiciones
las-mujeres-de-a-pie,resistencia
las-mujeres-de-a-pie,sujetos
las-mujeres-de-a-pie,putas
las-mujeres-de-a-pie,mendoza
las-mujeres-de-a-pie,perspectivas
las-mujeres-de-a-pie,apuesta
las-mujeres-de-a-pie,aplicar
las-mujeres-de-a-pie,historia
las-mujeres-de-a-pie,huellas
las-mujeres-de-a-pie,tipo
las-mujeres-de-a-pie,organizar
las-mujeres-de-a-pie,violencias
las-mujeres-de-a-pie,sorprendente
las-mujeres-de-a-pie,hace
las-mujeres-de-a-pie,expresiva
las-mujeres-de-a-pie,recuperar
las-mujeres-de-a-pie,familias
las-mujeres-de-a-pie,patrimonio
las-mujeres-de-a-pie,marisol
las-mujeres-de-a-pie,ecuador
las-mujeres-de-a-pie,restauradora
las-mujeres-de-a-pie,raza
las-mujeres-de-a-pie,haya
las-mujeres-de-a-pie,cuidado
las-mujeres-de-a-pie,contextualizadas
las-mujeres-de-a-pie,tejiendo
las-mujeres-de-a-pie,siempre
las-mujeres-de-a-pie,dedicada
las-mujeres-de-a-pie,narrado
las-mujeres-de-a-pie,culturales
las-mujeres-de-a-pie,contextos
las-mujeres-de-a-pie,personales
las-mujeres-de-a-pie,solemos
las-mujeres-de-a-pie,creativa
las-mujeres-de-a-pie,nuestros
las-mujeres-de-a-pie,lecturas
las-mujeres-de-a-pie,bisabuelas
las-mujeres-de-a-pie,legados
las-mujeres-de-a-pie,escritura
las-mujeres-de-a-pie,caro
las-mujeres-de-a-pie,reconstruirse
las-mujeres-de-a-pie,contada
las-mujeres-de-a-pie,memorias
las-mujeres-de-a-pie,trabajar
las-mujeres-de-a-pie,salavarrieta
las-mujeres-de-a-pie,clase
las-mujeres-de-a-pie,centro
las-mujeres-de-a-pie,entrenamiento
las-mujeres-de-a-pie,mayoritariamente
las-mujeres-de-a-pie,casi
las-mujeres-de-a-pie,gran
las-mujeres-de-a-pie,contextual
las-mujeres-de-a-pie,lidera
las-mujeres-de-a-pie,lectura
las-mujeres-de-a-pie,bajo
las-mujeres-de-a-pie,emociones
las-mujeres-de-a-pie,propio
las-mujeres-de-a-pie,destino
las-mujeres-de-a-pie,renacimiento
las-mujeres-de-a-pie,escrituras
las-mujeres-de-a-pie,siemprevivas
las-mujeres-de-a-pie,excluido
las-mujeres-de-a-pie,mujeres
las-mujeres-de-a-pie,instrumentales
las-mujeres-de-a-pie,archivo
las-mujeres-de-a-pie,habitantes
las-mujeres-de-a-pie,diplomada
las-mujeres-de-a-pie,adquirir
las-mujeres-de-a-pie,marcaron
las-mujeres-de-a-pie,policarpa
las-mujeres-de-a-pie,contextuales
las-mujeres-de-a-pie,tiene
las-mujeres-de-a-pie,deserciones
las-mujeres-de-a-pie,experiencias
las-mujeres-de-a-pie,interpretar
las-mujeres-de-a-pie,casa
las-mujeres-de-a-pie,cotidianidades
las-mujeres-de-a-pie,ejercicio
las-mujeres-de-a-pie,reflexionar
las-mujeres-de-a-pie,perspectiva
las-mujeres-de-a-pie,incluyen
las-mujeres-de-a-pie,empezar
las-mujeres-de-a-pie,seguimiento
las-mujeres-de-a-pie,grupo
las-mujeres-de-a-pie,generacional
las-mujeres-de-a-pie,visibilizando
las-mujeres-de-a-pie,propia
las-mujeres-de-a-pie,distrital
las-mujeres-de-a-pie,esposa
las-mujeres-de-a-pie,colectivo
las-mujeres-de-a-pie,creativas
las-mujeres-de-a-pie,iniciativa
las-mujeres-de-a-pie,significaba
las-mujeres-de-a-pie,mueble
las-mujeres-de-a-pie,sensibilizar
las-mujeres-de-a-pie,estudios
las-mujeres-de-a-pie,conquistas
las-mujeres-de-a-pie,teje
las-mujeres-de-a-pie,docente
las-mujeres-de-a-pie,indagar
las-mujeres-de-a-pie,reflexiva
las-mujeres-de-a-pie,emergencia
las-mujeres-de-a-pie,caminos
las-mujeres-de-a-pie,diagramar
las-mujeres-de-a-pie,puedo
las-mujeres-de-a-pie,subrayada
las-mujeres-de-a-pie,establecida
las-mujeres-de-a-pie,ancestral
las-mujeres-de-a-pie,largo
las-mujeres-de-a-pie,posteriormente
las-mujeres-de-a-pie,habilidades
las-mujeres-de-a-pie,especialista
las-mujeres-de-a-pie,noroeste
las-mujeres-de-a-pie,hombre
las-mujeres-de-a-pie,fueron
las-mujeres-de-a-pie,herencias
las-mujeres-de-a-pie,ximena
las-mujeres-de-a-pie,gobiernos
las-mujeres-de-a-pie,creencias
las-mujeres-de-a-pie,relato
las-mujeres-de-a-pie,feminidad
las-mujeres-de-a-pie,sociales
las-mujeres-de-a-pie,cuales
las-mujeres-de-a-pie,familiar
las-mujeres-de-a-pie,responsabilidad
las-mujeres-de-a-pie,abuelas
las-mujeres-de-a-pie,poner
las-mujeres-de-a-pie,situado
las-mujeres-de-a-pie,hacer
las-mujeres-de-a-pie,ello
las-mujeres-de-a-pie,marcela
las-mujeres-de-a-pie,respuesta
las-mujeres-de-a-pie,descubrimientos
las-mujeres-de-a-pie,literatura
las-mujeres-de-a-pie,sistema
las-mujeres-de-a-pie,seleccionar
las-mujeres-de-a-pie,visuales
las-mujeres-de-a-pie,principios
las-mujeres-de-a-pie,editoriales
las-mujeres-de-a-pie,alianza
las-mujeres-de-a-pie,obtener
las-mujeres-de-a-pie,encontrarnos
las-mujeres-de-a-pie,emerger
las-mujeres-de-a-pie,concientizar
las-mujeres-de-a-pie,instituto
las-mujeres-de-a-pie,loca
las-mujeres-de-a-pie,estructura
las-mujeres-de-a-pie,territorios
las-mujeres-de-a-pie,latinoamericana
las-mujeres-de-a-pie,grandes
las-mujeres-de-a-pie,cultural
las-mujeres-de-a-pie,reconocimiento
las-mujeres-de-a-pie,arquetipo
las-mujeres-de-a-pie,privado
las-mujeres-de-a-pie,exigencias
las-mujeres-de-a-pie,mala
las-mujeres-de-a-pie,generar
las-mujeres-de-a-pie,luchadoras
las-mujeres-de-a-pie,sacar
las-mujeres-de-a-pie,habitan
las-mujeres-de-a-pie,mucho
las-mujeres-de-a-pie,desarrollar
las-mujeres-de-a-pie,entorno
las-mujeres-de-a-pie,encarna
las-mujeres-de-a-pie,lesbiana
las-mujeres-de-a-pie,programadas
las-mujeres-de-a-pie,registrar
las-mujeres-de-a-pie,medio
produccion-campesina-familiar,sesiones
produccion-campesina-familiar,actores
produccion-campesina-familiar,mundial
produccion-campesina-familiar,cumplimiento
produccion-campesina-familiar,profesores
produccion-campesina-familiar,marxismo
produccion-campesina-familiar,magistra
produccion-campesina-familiar,bases
produccion-campesina-familiar,experto
produccion-campesina-familiar,propuestas
produccion-campesina-familiar,giraldo
produccion-campesina-familiar,campesinos
produccion-campesina-familiar,marzo
produccion-campesina-familiar,permanente
produccion-campesina-familiar,escuela
produccion-campesina-familiar,cumplan
produccion-campesina-familiar,magistrales
produccion-campesina-familiar,sepas
produccion-campesina-familiar,monetario
produccion-campesina-familiar,cepal
produccion-campesina-familiar,competencias
produccion-campesina-familiar,arias
produccion-campesina-familiar,agraria
produccion-campesina-familiar,colectivo
produccion-campesina-familiar,montaje
produccion-campesina-familiar,interesados
produccion-campesina-familiar,instrumentos
produccion-campesina-familiar,frontera
produccion-campesina-familiar,ambiente
produccion-campesina-familiar,coppcentral
produccion-campesina-familiar,estudios
produccion-campesina-familiar,diversas
produccion-campesina-familiar,universitaria
produccion-campesina-familiar,docente
produccion-campesina-familiar,alimentario
produccion-campesina-familiar,unesco
produccion-campesina-familiar,experta
produccion-campesina-familiar,chayanovismo
produccion-campesina-familiar,tierras
produccion-campesina-familiar,farmer
produccion-campesina-familiar,diversidad
produccion-campesina-familiar,durana
produccion-campesina-familiar,agro
produccion-campesina-familiar,latifundio
produccion-campesina-familiar,pnud
produccion-campesina-familiar,perspectivas
produccion-campesina-familiar,transacciones
produccion-campesina-familiar,sostenibles
produccion-campesina-familiar,aplicar
produccion-campesina-familiar,multilaterales
produccion-campesina-familiar,administrador
produccion-campesina-familiar,metabolismo
produccion-campesina-familiar,finanzas
produccion-campesina-familiar,especialista
produccion-campesina-familiar,conceptualizaciones
produccion-campesina-familiar,aportar
produccion-campesina-familiar,claudia
produccion-campesina-familiar,cincuenta
produccion-campesina-familiar,organismos
produccion-campesina-familiar,jaime
produccion-campesina-familiar,rurales
produccion-campesina-familiar,asistencia
produccion-campesina-familiar,economista
produccion-campesina-familiar,analizar
produccion-campesina-familiar,ambiental
produccion-campesina-familiar,capitalista
produccion-campesina-familiar,rimgallia
produccion-campesina-familiar,familiar
produccion-campesina-familiar,agricultura
produccion-campesina-familiar,medianos
produccion-campesina-familiar,funcionarios
produccion-campesina-familiar,tierra
produccion-campesina-familiar,sena
produccion-campesina-familiar,ligia
produccion-campesina-familiar,empresas
produccion-campesina-familiar,institucionalismo
produccion-campesina-familiar,pobre
produccion-campesina-familiar,abril
produccion-campesina-familiar,colombiano
produccion-campesina-familiar,productivos
produccion-campesina-familiar,ambientales
produccion-campesina-familiar,profesor
produccion-campesina-familiar,acceso
produccion-campesina-familiar,permitan
produccion-campesina-familiar,surgimiento
produccion-campesina-familiar,doctora
produccion-campesina-familiar,individual
produccion-campesina-familiar,reforma
produccion-campesina-familiar,organismo
produccion-campesina-familiar,campesina
produccion-campesina-familiar,agropecuarios
produccion-campesina-familiar,socio
produccion-campesina-familiar,investigador
produccion-campesina-familiar,tropicales
produccion-campesina-familiar,familiares
produccion-campesina-familiar,concepto
produccion-campesina-familiar,durante
produccion-campesina-familiar,inversa
produccion-campesina-familiar,agricultores
produccion-campesina-familiar,asproinca
produccion-campesina-familiar,mujer
produccion-campesina-familiar,terminada
produccion-campesina-familiar,planeta
produccion-campesina-familiar,pecuarios
produccion-campesina-familiar,rural
produccion-campesina-familiar,otros
produccion-campesina-familiar,agrario
produccion-campesina-familiar,programas
produccion-campesina-familiar,comunitaria
produccion-campesina-familiar,administradora
produccion-campesina-familiar,campesinado
produccion-campesina-familiar,problema
produccion-campesina-familiar,ocho
produccion-campesina-familiar,tanto
produccion-campesina-familiar,principal
produccion-campesina-familiar,extensiva
produccion-campesina-familiar,elementos
produccion-campesina-familiar,gobierno
produccion-campesina-familiar,racionalidades
produccion-campesina-familiar,minambiente
produccion-campesina-familiar,actualidad
produccion-campesina-familiar,orientadores
produccion-campesina-familiar,campo
produccion-campesina-familiar,actual
produccion-campesina-familiar,entendimiento
produccion-campesina-familiar,resiliencia
produccion-campesina-familiar,conceptuales
produccion-campesina-familiar,publicaciones
produccion-campesina-familiar,involucrados
produccion-campesina-familiar,trayectoria
produccion-campesina-familiar,responde
produccion-campesina-familiar,banco
produccion-campesina-familiar,conferencias
produccion-campesina-familiar,necesidades
produccion-campesina-familiar,ciid
produccion-campesina-familiar,oxfam
produccion-campesina-familiar,central
produccion-campesina-familiar,modo
produccion-campesina-familiar,system
produccion-campesina-familiar,vulnerable
produccion-campesina-familiar,adquirir
produccion-campesina-familiar,sector
produccion-campesina-familiar,latina
produccion-campesina-familiar,principalmente
produccion-campesina-familiar,programadas
produccion-campesina-familiar,capitalizada
produccion-campesina-familiar,valorar
produccion-campesina-familiar,minagricultura
produccion-campesina-familiar,ganadero
produccion-campesina-familiar,medio
produccion-campesina-familiar,forero
produccion-campesina-familiar,mejorar
produccion-campesina-familiar,candidata
produccion-campesina-familiar,isidro
produccion-campesina-familiar,directamente
aproximacion-a-los-temas-de-envejecimiento-y-vejez,tiene
aproximacion-a-los-temas-de-envejecimiento-y-vejez,sesiones
aproximacion-a-los-temas-de-envejecimiento-y-vejez,mundial
aproximacion-a-los-temas-de-envejecimiento-y-vejez,envejecimiento
aproximacion-a-los-temas-de-envejecimiento-y-vejez,aproximaciones
aproximacion-a-los-temas-de-envejecimiento-y-vejez,alcanzar
aproximacion-a-los-temas-de-envejecimiento-y-vejez,especialmente
aproximacion-a-los-temas-de-envejecimiento-y-vejez,doctorado
aproximacion-a-los-temas-de-envejecimiento-y-vejez,senescencia
aproximacion-a-los-temas-de-envejecimiento-y-vejez,avanzar
aproximacion-a-los-temas-de-envejecimiento-y-vejez,comprender
aproximacion-a-los-temas-de-envejecimiento-y-vejez,restrepo
aproximacion-a-los-temas-de-envejecimiento-y-vejez,considerando
aproximacion-a-los-temas-de-envejecimiento-y-vejez,utilizar
aproximacion-a-los-temas-de-envejecimiento-y-vejez,permite
aproximacion-a-los-temas-de-envejecimiento-y-vejez,institucionales
aproximacion-a-los-temas-de-envejecimiento-y-vejez,journal
aproximacion-a-los-temas-de-envejecimiento-y-vejez,oxford
aproximacion-a-los-temas-de-envejecimiento-y-vejez,sentimos
aproximacion-a-los-temas-de-envejecimiento-y-vejez,estrategia
aproximacion-a-los-temas-de-envejecimiento-y-vejez,humanas
aproximacion-a-los-temas-de-envejecimiento-y-vejez,caldas
aproximacion-a-los-temas-de-envejecimiento-y-vejez,seminario
aproximacion-a-los-temas-de-envejecimiento-y-vejez,reflexionar
aproximacion-a-los-temas-de-envejecimiento-y-vejez,redatam
aproximacion-a-los-temas-de-envejecimiento-y-vejez,colectivas
aproximacion-a-los-temas-de-envejecimiento-y-vejez,acerca
aproximacion-a-los-temas-de-envejecimiento-y-vejez,implica
aproximacion-a-los-temas-de-envejecimiento-y-vejez,perspectiva
aproximacion-a-los-temas-de-envejecimiento-y-vejez,surgen
aproximacion-a-los-temas-de-envejecimiento-y-vejez,espera
aproximacion-a-los-temas-de-envejecimiento-y-vejez,seguimiento
aproximacion-a-los-temas-de-envejecimiento-y-vejez,fuentes
aproximacion-a-los-temas-de-envejecimiento-y-vejez,encuentra
aproximacion-a-los-temas-de-envejecimiento-y-vejez,titulada
aproximacion-a-los-temas-de-envejecimiento-y-vejez,requieren
aproximacion-a-los-temas-de-envejecimiento-y-vejez,medida
aproximacion-a-los-temas-de-envejecimiento-y-vejez,america
aproximacion-a-los-temas-de-envejecimiento-y-vejez,jaramillo
aproximacion-a-los-temas-de-envejecimiento-y-vejez,realizado
aproximacion-a-los-temas-de-envejecimiento-y-vejez,forma
aproximacion-a-los-temas-de-envejecimiento-y-vejez,actualmente
aproximacion-a-los-temas-de-envejecimiento-y-vejez,intergeneracional
aproximacion-a-los-temas-de-envejecimiento-y-vejez,departamento
aproximacion-a-los-temas-de-envejecimiento-y-vejez,competencias
aproximacion-a-los-temas-de-envejecimiento-y-vejez,otorgado
aproximacion-a-los-temas-de-envejecimiento-y-vejez,usme
aproximacion-a-los-temas-de-envejecimiento-y-vejez,aumento
aproximacion-a-los-temas-de-envejecimiento-y-vejez,teusaquillo
aproximacion-a-los-temas-de-envejecimiento-y-vejez,expresa
aproximacion-a-los-temas-de-envejecimiento-y-vejez,edades
aproximacion-a-los-temas-de-envejecimiento-y-vejez,pueden
aproximacion-a-los-temas-de-envejecimiento-y-vejez,especificos
aproximacion-a-los-temas-de-envejecimiento-y-vejez,interesados
aproximacion-a-los-temas-de-envejecimiento-y-vejez,humanos
aproximacion-a-los-temas-de-envejecimiento-y-vejez,distintas
aproximacion-a-los-temas-de-envejecimiento-y-vejez,favorece
aproximacion-a-los-temas-de-envejecimiento-y-vejez,equivalencia
aproximacion-a-los-temas-de-envejecimiento-y-vejez,parte
aproximacion-a-los-temas-de-envejecimiento-y-vejez,comportamientos
aproximacion-a-los-temas-de-envejecimiento-y-vejez,conferencista
aproximacion-a-los-temas-de-envejecimiento-y-vejez,institute
aproximacion-a-los-temas-de-envejecimiento-y-vejez,ambos
aproximacion-a-los-temas-de-envejecimiento-y-vejez,problemas
aproximacion-a-los-temas-de-envejecimiento-y-vejez,cambios
aproximacion-a-los-temas-de-envejecimiento-y-vejez,localidades
aproximacion-a-los-temas-de-envejecimiento-y-vejez,acciones
aproximacion-a-los-temas-de-envejecimiento-y-vejez,enfermedad
aproximacion-a-los-temas-de-envejecimiento-y-vejez,estudios
aproximacion-a-los-temas-de-envejecimiento-y-vejez,identificar
aproximacion-a-los-temas-de-envejecimiento-y-vejez,latin
aproximacion-a-los-temas-de-envejecimiento-y-vejez,doctoral
aproximacion-a-los-temas-de-envejecimiento-y-vejez,ageing
aproximacion-a-los-temas-de-envejecimiento-y-vejez,primera
aproximacion-a-los-temas-de-envejecimiento-y-vejez,familia
aproximacion-a-los-temas-de-envejecimiento-y-vejez,condiciones
aproximacion-a-los-temas-de-envejecimiento-y-vejez,censo
aproximacion-a-los-temas-de-envejecimiento-y-vejez,barreras
aproximacion-a-los-temas-de-envejecimiento-y-vejez,mediante
aproximacion-a-los-temas-de-envejecimiento-y-vejez,cumplido
aproximacion-a-los-temas-de-envejecimiento-y-vejez,decisiones
aproximacion-a-los-temas-de-envejecimiento-y-vejez,afectan
aproximacion-a-los-temas-de-envejecimiento-y-vejez,adultas
aproximacion-a-los-temas-de-envejecimiento-y-vejez,partir
aproximacion-a-los-temas-de-envejecimiento-y-vejez,actuamos
aproximacion-a-los-temas-de-envejecimiento-y-vejez,comunitarios
aproximacion-a-los-temas-de-envejecimiento-y-vejez,perspectivas
aproximacion-a-los-temas-de-envejecimiento-y-vejez,invitada
aproximacion-a-los-temas-de-envejecimiento-y-vejez,implicaciones
aproximacion-a-los-temas-de-envejecimiento-y-vejez,medios
aproximacion-a-los-temas-de-envejecimiento-y-vejez,naciones
aproximacion-a-los-temas-de-envejecimiento-y-vejez,premio
aproximacion-a-los-temas-de-envejecimiento-y-vejez,enfoques
aproximacion-a-los-temas-de-envejecimiento-y-vejez,nacional
aproximacion-a-los-temas-de-envejecimiento-y-vejez,online
aproximacion-a-los-temas-de-envejecimiento-y-vejez,interamericana
aproximacion-a-los-temas-de-envejecimiento-y-vejez,hace
aproximacion-a-los-temas-de-envejecimiento-y-vejez,mesa
aproximacion-a-los-temas-de-envejecimiento-y-vejez,mayores
aproximacion-a-los-temas-de-envejecimiento-y-vejez,reconozcan
aproximacion-a-los-temas-de-envejecimiento-y-vejez,familias
aproximacion-a-los-temas-de-envejecimiento-y-vejez,distintos
aproximacion-a-los-temas-de-envejecimiento-y-vejez,profundizan
aproximacion-a-los-temas-de-envejecimiento-y-vejez,puedan
aproximacion-a-los-temas-de-envejecimiento-y-vejez,asociados
aproximacion-a-los-temas-de-envejecimiento-y-vejez,largo
aproximacion-a-los-temas-de-envejecimiento-y-vejez,discriminatorios
aproximacion-a-los-temas-de-envejecimiento-y-vejez,humano
aproximacion-a-los-temas-de-envejecimiento-y-vejez,vejez
aproximacion-a-los-temas-de-envejecimiento-y-vejez,capacidades
aproximacion-a-los-temas-de-envejecimiento-y-vejez,especialista
aproximacion-a-los-temas-de-envejecimiento-y-vejez,desigualdades
aproximacion-a-los-temas-de-envejecimiento-y-vejez,haya
aproximacion-a-los-temas-de-envejecimiento-y-vejez,aportar
aproximacion-a-los-temas-de-envejecimiento-y-vejez,conduce
aproximacion-a-los-temas-de-envejecimiento-y-vejez,nivel
aproximacion-a-los-temas-de-envejecimiento-y-vejez,asociada
aproximacion-a-los-temas-de-envejecimiento-y-vejez,quien
aproximacion-a-los-temas-de-envejecimiento-y-vejez,saludable
aproximacion-a-los-temas-de-envejecimiento-y-vejez,reconocer
aproximacion-a-los-temas-de-envejecimiento-y-vejez,desarrolla
aproximacion-a-los-temas-de-envejecimiento-y-vejez,ciencias
aproximacion-a-los-temas-de-envejecimiento-y-vejez,sociales
aproximacion-a-los-temas-de-envejecimiento-y-vejez,contribuyan
aproximacion-a-los-temas-de-envejecimiento-y-vejez,acuerdo
aproximacion-a-los-temas-de-envejecimiento-y-vejez,orientadas
aproximacion-a-los-temas-de-envejecimiento-y-vejez,culturales
aproximacion-a-los-temas-de-envejecimiento-y-vejez,residencial
aproximacion-a-los-temas-de-envejecimiento-y-vejez,otras
aproximacion-a-los-temas-de-envejecimiento-y-vejez,demandas
aproximacion-a-los-temas-de-envejecimiento-y-vejez,sociedad
aproximacion-a-los-temas-de-envejecimiento-y-vejez,mayor
aproximacion-a-los-temas-de-envejecimiento-y-vejez,agenda
aproximacion-a-los-temas-de-envejecimiento-y-vejez,familiar
aproximacion-a-los-temas-de-envejecimiento-y-vejez,constituyen
aproximacion-a-los-temas-de-envejecimiento-y-vejez,consejo
aproximacion-a-los-temas-de-envejecimiento-y-vejez,millones
aproximacion-a-los-temas-de-envejecimiento-y-vejez,ejemplo
aproximacion-a-los-temas-de-envejecimiento-y-vejez,total
aproximacion-a-los-temas-de-envejecimiento-y-vejez,heterogeneidad
aproximacion-a-los-temas-de-envejecimiento-y-vejez,brindar
aproximacion-a-los-temas-de-envejecimiento-y-vejez,sentidos
aproximacion-a-los-temas-de-envejecimiento-y-vejez,hacia
aproximacion-a-los-temas-de-envejecimiento-y-vejez,editorial
aproximacion-a-los-temas-de-envejecimiento-y-vejez,cual
aproximacion-a-los-temas-de-envejecimiento-y-vejez,edad
aproximacion-a-los-temas-de-envejecimiento-y-vejez,taller
aproximacion-a-los-temas-de-envejecimiento-y-vejez,avances
aproximacion-a-los-temas-de-envejecimiento-y-vejez,lecturas
aproximacion-a-los-temas-de-envejecimiento-y-vejez,aportes
aproximacion-a-los-temas-de-envejecimiento-y-vejez,colombiano
aproximacion-a-los-temas-de-envejecimiento-y-vejez,duplique
aproximacion-a-los-temas-de-envejecimiento-y-vejez,descriptivo
aproximacion-a-los-temas-de-envejecimiento-y-vejez,principales
aproximacion-a-los-temas-de-envejecimiento-y-vejez,vivienda
aproximacion-a-los-temas-de-envejecimiento-y-vejez,unidas
aproximacion-a-los-temas-de-envejecimiento-y-vejez,sistema
aproximacion-a-los-temas-de-envejecimiento-y-vejez,permitan
aproximacion-a-los-temas-de-envejecimiento-y-vejez,martes
aproximacion-a-los-temas-de-envejecimiento-y-vejez,cerca
aproximacion-a-los-temas-de-envejecimiento-y-vejez,esto
aproximacion-a-los-temas-de-envejecimiento-y-vejez,equidad
aproximacion-a-los-temas-de-envejecimiento-y-vejez,formas
aproximacion-a-los-temas-de-envejecimiento-y-vejez,individual
aproximacion-a-los-temas-de-envejecimiento-y-vejez,estudio
aproximacion-a-los-temas-de-envejecimiento-y-vejez,doctora
aproximacion-a-los-temas-de-envejecimiento-y-vejez,externado
aproximacion-a-los-temas-de-envejecimiento-y-vejez,locales
aproximacion-a-los-temas-de-envejecimiento-y-vejez,alcanzando
aproximacion-a-los-temas-de-envejecimiento-y-vejez,relaciones
aproximacion-a-los-temas-de-envejecimiento-y-vejez,estudiantes
aproximacion-a-los-temas-de-envejecimiento-y-vejez,residenciales
aproximacion-a-los-temas-de-envejecimiento-y-vejez,toma
aproximacion-a-los-temas-de-envejecimiento-y-vejez,familiares
aproximacion-a-los-temas-de-envejecimiento-y-vejez,prejuicios
aproximacion-a-los-temas-de-envejecimiento-y-vejez,barco
aproximacion-a-los-temas-de-envejecimiento-y-vejez,vive
aproximacion-a-los-temas-de-envejecimiento-y-vejez,expositivas
aproximacion-a-los-temas-de-envejecimiento-y-vejez,asamblea
aproximacion-a-los-temas-de-envejecimiento-y-vejez,estereotipos
aproximacion-a-los-temas-de-envejecimiento-y-vejez,fuente
aproximacion-a-los-temas-de-envejecimiento-y-vejez,clases
aproximacion-a-los-temas-de-envejecimiento-y-vejez,acercarse
aproximacion-a-los-temas-de-envejecimiento-y-vejez,otros
aproximacion-a-los-temas-de-envejecimiento-y-vejez,antonio
aproximacion-a-los-temas-de-envejecimiento-y-vejez,changes
aproximacion-a-los-temas-de-envejecimiento-y-vejez,modulo
aproximacion-a-los-temas-de-envejecimiento-y-vejez,espacial
aproximacion-a-los-temas-de-envejecimiento-y-vejez,programas
aproximacion-a-los-temas-de-envejecimiento-y-vejez,todas
aproximacion-a-los-temas-de-envejecimiento-y-vejez,iniciativas
aproximacion-a-los-temas-de-envejecimiento-y-vejez,colpensiones
aproximacion-a-los-temas-de-envejecimiento-y-vejez,poblaciones
aproximacion-a-los-temas-de-envejecimiento-y-vejez,publicada
aproximacion-a-los-temas-de-envejecimiento-y-vejez,contexto
aproximacion-a-los-temas-de-envejecimiento-y-vejez,representaciones
aproximacion-a-los-temas-de-envejecimiento-y-vejez,bienestar
aproximacion-a-los-temas-de-envejecimiento-y-vejez,ancianidad
aproximacion-a-los-temas-de-envejecimiento-y-vejez,mediadas
aproximacion-a-los-temas-de-envejecimiento-y-vejez,principal
aproximacion-a-los-temas-de-envejecimiento-y-vejez,profundiza
aproximacion-a-los-temas-de-envejecimiento-y-vejez,temas
aproximacion-a-los-temas-de-envejecimiento-y-vejez,entornos
aproximacion-a-los-temas-de-envejecimiento-y-vejez,jueves
aproximacion-a-los-temas-de-envejecimiento-y-vejez,institucionalidad
aproximacion-a-los-temas-de-envejecimiento-y-vejez,cepsiger
aproximacion-a-los-temas-de-envejecimiento-y-vejez,colombiana
aproximacion-a-los-temas-de-envejecimiento-y-vejez,entendimiento
aproximacion-a-los-temas-de-envejecimiento-y-vejez,population
aproximacion-a-los-temas-de-envejecimiento-y-vejez,derechos
aproximacion-a-los-temas-de-envejecimiento-y-vejez,estas
aproximacion-a-los-temas-de-envejecimiento-y-vejez,permiten
aproximacion-a-los-temas-de-envejecimiento-y-vejez,rasgos
aproximacion-a-los-temas-de-envejecimiento-y-vejez,residential
aproximacion-a-los-temas-de-envejecimiento-y-vejez,estado
aproximacion-a-los-temas-de-envejecimiento-y-vejez,realiza
aproximacion-a-los-temas-de-envejecimiento-y-vejez,cuenta
aproximacion-a-los-temas-de-envejecimiento-y-vejez,fortalecer
aproximacion-a-los-temas-de-envejecimiento-y-vejez,nuevas
aproximacion-a-los-temas-de-envejecimiento-y-vejez,publicaciones
aproximacion-a-los-temas-de-envejecimiento-y-vejez,retos
aproximacion-a-los-temas-de-envejecimiento-y-vejez,arrangements
aproximacion-a-los-temas-de-envejecimiento-y-vejez,conocer
aproximacion-a-los-temas-de-envejecimiento-y-vejez,antecedentes
aproximacion-a-los-temas-de-envejecimiento-y-vejez,talleres
aproximacion-a-los-temas-de-envejecimiento-y-vejez,representa
aproximacion-a-los-temas-de-envejecimiento-y-vejez,plan
aproximacion-a-los-temas-de-envejecimiento-y-vejez,relacionados
aproximacion-a-los-temas-de-envejecimiento-y-vejez,asociadas
aproximacion-a-los-temas-de-envejecimiento-y-vejez,consulta
aproximacion-a-los-temas-de-envejecimiento-y-vejez,controvirtiendo
aproximacion-a-los-temas-de-envejecimiento-y-vejez,plataformas
aproximacion-a-los-temas-de-envejecimiento-y-vejez,habitantes
aproximacion-a-los-temas-de-envejecimiento-y-vejez,otra
aproximacion-a-los-temas-de-envejecimiento-y-vejez,interseccionalidad
aproximacion-a-los-temas-de-envejecimiento-y-vejez,profesora
aproximacion-a-los-temas-de-envejecimiento-y-vejez,latina
aproximacion-a-los-temas-de-envejecimiento-y-vejez,programadas
aproximacion-a-los-temas-de-envejecimiento-y-vejez,pensamos
aproximacion-a-los-temas-de-envejecimiento-y-vejez,valorar
aproximacion-a-los-temas-de-envejecimiento-y-vejez,favorecen
aproximacion-a-los-temas-de-envejecimiento-y-vejez,reflexiones
aproximacion-a-los-temas-de-envejecimiento-y-vejez,modalidad
aproximacion-a-los-temas-de-envejecimiento-y-vejez,envejecer
aproximacion-a-los-temas-de-envejecimiento-y-vejez,arreglos
aproximacion-a-los-temas-de-envejecimiento-y-vejez,favorecer
aproximacion-a-los-temas-de-envejecimiento-y-vejez,hogares
aproximacion-a-los-temas-de-envejecimiento-y-vejez,angela
aproximacion-a-los-temas-de-envejecimiento-y-vejez,normativo
cuidado-paciente-oncologico,radioterapia
cuidado-paciente-oncologico,tiene
cuidado-paciente-oncologico,sesiones
cuidado-paciente-oncologico,doctorado
cuidado-paciente-oncologico,llevado
cuidado-paciente-oncologico,marcadores
cuidado-paciente-oncologico,preparado
cuidado-paciente-oncologico,necesario
cuidado-paciente-oncologico,tratamientos
cuidado-paciente-oncologico,origen
cuidado-paciente-oncologico,permanente
cuidado-paciente-oncologico,fortalecimiento
cuidado-paciente-oncologico,importancia
cuidado-paciente-oncologico,cumplan
cuidado-paciente-oncologico,promoviendo
cuidado-paciente-oncologico,utilizando
cuidado-paciente-oncologico,humanizando
cuidado-paciente-oncologico,casos
cuidado-paciente-oncologico,investigando
cuidado-paciente-oncologico,cuidados
cuidado-paciente-oncologico,biopsias
cuidado-paciente-oncologico,optimizar
cuidado-paciente-oncologico,especificos
cuidado-paciente-oncologico,aspectos
cuidado-paciente-oncologico,problemas
cuidado-paciente-oncologico,enfermero
cuidado-paciente-oncologico,identificar
cuidado-paciente-oncologico,manera
cuidado-paciente-oncologico,diversas
cuidado-paciente-oncologico,integral
cuidado-paciente-oncologico,emocionales
cuidado-paciente-oncologico,derecho
cuidado-paciente-oncologico,blackboard
cuidado-paciente-oncologico,individualizado
cuidado-paciente-oncologico,mediante
cuidado-paciente-oncologico,temprana
cuidado-paciente-oncologico,espirituales
cuidado-paciente-oncologico,nacional
cuidado-paciente-oncologico,online
cuidado-paciente-oncologico,hace
cuidado-paciente-oncologico,siendo
cuidado-paciente-oncologico,prepare
cuidado-paciente-oncologico,procedimientos
cuidado-paciente-oncologico,familias
cuidado-paciente-oncologico,deben
cuidado-paciente-oncologico,satisfechas
cuidado-paciente-oncologico,grave
cuidado-paciente-oncologico,mama
cuidado-paciente-oncologico,recibir
cuidado-paciente-oncologico,habilidades
cuidado-paciente-oncologico,especialista
cuidado-paciente-oncologico,ampliar
cuidado-paciente-oncologico,tratamiento
cuidado-paciente-oncologico,tumores
cuidado-paciente-oncologico,conduce
cuidado-paciente-oncologico,cuidado
cuidado-paciente-oncologico,reconocer
cuidado-paciente-oncologico,sociales
cuidado-paciente-oncologico,apoyo
cuidado-paciente-oncologico,profesional
cuidado-paciente-oncologico,tienen
cuidado-paciente-oncologico,cuales
cuidado-paciente-oncologico,potenciales
cuidado-paciente-oncologico,internacional
cuidado-paciente-oncologico,responsabilidad
cuidado-paciente-oncologico,evaluando
cuidado-paciente-oncologico,redes
cuidado-paciente-oncologico,brindar
cuidado-paciente-oncologico,necesarios
cuidado-paciente-oncologico,quimioterapia
cuidado-paciente-oncologico,videos
cuidado-paciente-oncologico,taller
cuidado-paciente-oncologico,simuladas
cuidado-paciente-oncologico,lecturas
cuidado-paciente-oncologico,persona
cuidado-paciente-oncologico,altamente
cuidado-paciente-oncologico,actitudes
cuidado-paciente-oncologico,permitan
cuidado-paciente-oncologico,roles
cuidado-paciente-oncologico,toma
cuidado-paciente-oncologico,necesaria
cuidado-paciente-oncologico,inciden
cuidado-paciente-oncologico,modelos
cuidado-paciente-oncologico,preparar
cuidado-paciente-oncologico,participativas
cuidado-paciente-oncologico,jugo
cuidado-paciente-oncologico,paliativo
cuidado-paciente-oncologico,componente
cuidado-paciente-oncologico,informales
cuidado-paciente-oncologico,contexto
cuidado-paciente-oncologico,paciente
cuidado-paciente-oncologico,conociendo
cuidado-paciente-oncologico,tanto
cuidado-paciente-oncologico,pacientes
cuidado-paciente-oncologico,cualificada
cuidado-paciente-oncologico,collaborate
cuidado-paciente-oncologico,temas
cuidado-paciente-oncologico,satisfacer
cuidado-paciente-oncologico,legales
cuidado-paciente-oncologico,proporcionado
cuidado-paciente-oncologico,flagelo
cuidado-paciente-oncologico,adicional
cuidado-paciente-oncologico,fortalecer
cuidado-paciente-oncologico,talleres
cuidado-paciente-oncologico,conferencias
cuidado-paciente-oncologico,aeipi
cuidado-paciente-oncologico,relacionados
cuidado-paciente-oncologico,tratando
cuidado-paciente-oncologico,necesidades
cuidado-paciente-oncologico,avance
cuidado-paciente-oncologico,sufre
cuidado-paciente-oncologico,desarrollar
cuidado-paciente-oncologico,especiales
cuidado-paciente-oncologico,tipos
cuidado-paciente-oncologico,componentes
cuidado-paciente-oncologico,programadas
cuidado-paciente-oncologico,legal
cuidado-paciente-oncologico,formales
cuidado-paciente-oncologico,continua
cuidado-paciente-oncologico,espacios
cuidado-paciente-oncologico,reales
cuidado-paciente-oncologico,modalidad
